branch_id,location
ef378753,Agege
0d95f577,Agege
809af515,Ikeja
6c067332,Ikeja
b0369681,Agege
ee014279,Agege
e4bef710,Agege
09a19333,Ikeja
c895b124,Agege
91a05812,Agege
453f7512,Ikeja
c5f87248,Agege
2cbc5767,Ikeja
9d140723,Agege
3f2b8978,Ikeja
39af9847,Agege
42ba9841,Ikeja
a78b4533,Agege
2427e118,Ikeja
7b421355,Agege
e1c46857,Ikeja
61e2f787,Agege
238db005,Ikeja
5aa3a395,Agege
1b843763,Agege
7aae8653,Agege
0acbd271,Agege
79c2e387,Ikeja
a066e960,Agege
ec954057,Ikeja
37e67561,Agege
0b180779,Agege
48104423,Agege
03593493,Ikeja
c628d317,Agege
d2750615,Agege
d958c679,Agege
bd5fd923,Agege
3f6c7922,Ikeja
e7b2e323,Ikeja
f98f3729,Agege
eb75d371,Ikeja
dc1b9636,Ikeja
97e6c756,Agege
a6ecb211,Agege
ceb0d643,Agege
a898a819,Agege
058d7221,Agege
5abba960,Ikeja
37c4a953,Agege
b5f50973,Agege
06269947,Ikeja
25c22890,Ikeja
37146855,Agege
e982e160,Ikeja
8d342205,Agege
86b0e539,Agege
dc5e5566,Ikeja
9adcc432,Ikeja
8ca96713,Agege
c19f4145,Ikeja
9eb72302,Agege
14e1e130,Agege
9543b862,Agege
24093284,Ikeja
50885650,Agege
c32e0953,Ikeja
ccb6e739,Agege
6ebba148,Ikeja
4f9d8506,Agege
69924920,Agege
cbf46570,Ikeja
b90b7541,Agege
9fdcd644,Ikeja
62ed1587,Ikeja
a1520227,Ikeja
e62e8808,Ikeja
d5c96744,Agege
37314259,Ikeja
3bf28694,Ikeja
2abf5744,Ikeja
79e57851,Ikeja
82304952,Ikeja
fa090542,Ikeja
6c88f860,Ikeja
144c1689,Agege
8e46a854,Ikeja
8017a806,Agege
814a0442,Agege
8b32c403,Agege
c0650922,Ikeja
64f10992,Ikeja
7356a698,Agege
807f3473,Ikeja
7074f487,Agege
2a94e743,Ikeja
b6e4a637,Agege
70ed8489,Ikeja
d3e3f622,Ikeja
b0bc8548,Agege
